Timestamp,UTC,Callsign,Position,Altitude,Speed,Direction
1566253072,2019-08-19T22:17:52Z,UAE38,"52.452621,-1.738129",0,0,230
1566253113,2019-08-19T22:18:33Z,UAE38,"52.452793,-1.738338",0,10,151
1566253130,2019-08-19T22:18:50Z,UAE38,"52.452965,-1.738567",0,9,163
1566253152,2019-08-19T22:19:12Z,UAE38,"52.453175,-1.738763",0,10,191
1566253169,2019-08-19T22:19:29Z,UAE38,"52.453384,-1.738802",0,9,208
1566253194,2019-08-19T22:19:54Z,UAE38,"52.453617,-1.738701",0,2,236
1566253400,2019-08-19T22:23:20Z,UAE38,"52.453629,-1.738605",0,0,1
1566253450,2019-08-19T22:24:10Z,UAE38,"52.453503,-1.738949",0,13,236
1566253461,2019-08-19T22:24:21Z,UAE38,"52.45335,-1.739293",0,16,236
1566253468,2019-08-19T22:24:28Z,UAE38,"52.453259,-1.739528",0,17,236
1566253480,2019-08-19T22:24:40Z,UAE38,"52.453094,-1.739979",0,16,239
1566253486,2019-08-19T22:24:46Z,UAE38,"52.453094,-1.740234",0,17,253
1566253495,2019-08-19T22:24:55Z,UAE38,"52.453224,-1.740666",0,20,281
1566253504,2019-08-19T22:25:04Z,UAE38,"52.453373,-1.741137",0,21,292
1566253516,2019-08-19T22:25:16Z,UAE38,"52.453079,-1.741657",0,20,230
1566253524,2019-08-19T22:25:24Z,UAE38,"52.452782,-1.741608",0,17,191
1566253534,2019-08-19T22:25:34Z,UAE38,"52.452572,-1.741411",0,15,165
1566253543,2019-08-19T22:25:43Z,UAE38,"52.452404,-1.741199",0,14,151
1566253553,2019-08-19T22:25:53Z,UAE38,"52.452221,-1.74099",0,14,146
1566253565,2019-08-19T22:26:05Z,UAE38,"52.452034,-1.740764",0,14,146
1566253579,2019-08-19T22:26:19Z,UAE38,"52.45179,-1.740489",0,15,146
1566253590,2019-08-19T22:26:30Z,UAE38,"52.451569,-1.740234",0,15,146
1566253603,2019-08-19T22:26:43Z,UAE38,"52.45129,-1.73994",0,17,146
1566253615,2019-08-19T22:26:55Z,UAE38,"52.450966,-1.739587",0,20,146
1566253627,2019-08-19T22:27:07Z,UAE38,"52.450581,-1.739155",0,23,146
1566253633,2019-08-19T22:27:13Z,UAE38,"52.450371,-1.73892",0,24,146
1566253645,2019-08-19T22:27:25Z,UAE38,"52.449986,-1.738488",0,19,146
1566253657,2019-08-19T22:27:37Z,UAE38,"52.449661,-1.738116",0,20,146
1566253668,2019-08-19T22:27:48Z,UAE38,"52.449287,-1.737704",0,21,146
1566253674,2019-08-19T22:27:54Z,UAE38,"52.449093,-1.737468",0,20,146
1566253687,2019-08-19T22:28:07Z,UAE38,"52.448788,-1.737118",0,16,146
1566253696,2019-08-19T22:28:16Z,UAE38,"52.44857,-1.73687",0,16,146
1566253705,2019-08-19T22:28:25Z,UAE38,"52.448353,-1.736851",0,16,165
1566253715,2019-08-19T22:28:35Z,UAE38,"52.448124,-1.736958",0,15,185
1566253723,2019-08-19T22:28:43Z,UAE38,"52.447906,-1.737118",0,16,194
1566253732,2019-08-19T22:28:52Z,UAE38,"52.44767,-1.737213",0,17,196
1566253740,2019-08-19T22:29:00Z,UAE38,"52.447437,-1.737347",0,18,196
1566253746,2019-08-19T22:29:06Z,UAE38,"52.447205,-1.737331",0,20,185
1566253759,2019-08-19T22:29:19Z,UAE38,"52.446823,-1.736938",0,20,151
1566253768,2019-08-19T22:29:28Z,UAE38,"52.446541,-1.736585",0,21,146
1566253775,2019-08-19T22:29:35Z,UAE38,"52.446358,-1.736369",0,21,146
1566253787,2019-08-19T22:29:47Z,UAE38,"52.445984,-1.735958",0,21,146
1566253799,2019-08-19T22:29:59Z,UAE38,"52.445618,-1.735573",0,19,146
1566253813,2019-08-19T22:30:13Z,UAE38,"52.44532,-1.735271",0,12,146
1566253827,2019-08-19T22:30:27Z,UAE38,"52.445114,-1.735039",0,12,146
1566253840,2019-08-19T22:30:40Z,UAE38,"52.444885,-1.734791",0,15,146
1566253852,2019-08-19T22:30:52Z,UAE38,"52.444622,-1.734505",0,18,146
1566253862,2019-08-19T22:31:02Z,UAE38,"52.444355,-1.734212",0,21,146
1566253870,2019-08-19T22:31:10Z,UAE38,"52.444016,-1.734133",0,24,168
1566253878,2019-08-19T22:31:18Z,UAE38,"52.443729,-1.734409",0,26,199
1566253888,2019-08-19T22:31:28Z,UAE38,"52.443424,-1.735192",0,25,233
1566253896,2019-08-19T22:31:36Z,UAE38,"52.443249,-1.735663",0,22,239
1566253907,2019-08-19T22:31:47Z,UAE38,"52.443317,-1.736298",0,21,278
1566253915,2019-08-19T22:31:55Z,UAE38,"52.443611,-1.736566",0,22,317
1566253927,2019-08-19T22:32:07Z,UAE38,"52.444164,-1.737137",0,24,326
1566253933,2019-08-19T22:32:13Z,UAE38,"52.44474,-1.737782",0,42,326
1566253945,2019-08-19T22:32:25Z,UAE38,"52.447998,-1.741431",0,90,326
1566253955,2019-08-19T22:32:35Z,UAE38,"52.451981,-1.745911",225,121,326
1566253961,2019-08-19T22:32:41Z,UAE38,"52.455013,-1.749259",225,138,325
1566253967,2019-08-19T22:32:47Z,UAE38,"52.458527,-1.753235",175,154,325
1566253973,2019-08-19T22:32:53Z,UAE38,"52.46196,-1.757202",300,159,325
1566253979,2019-08-19T22:32:59Z,UAE38,"52.46563,-1.761187",475,158,326
1566253991,2019-08-19T22:33:11Z,UAE38,"52.473038,-1.76918",775,155,326
1566253997,2019-08-19T22:33:17Z,UAE38,"52.476654,-1.772995",950,153,326
1566254003,2019-08-19T22:33:23Z,UAE38,"52.480225,-1.77681",1150,151,327
1566254015,2019-08-19T22:33:35Z,UAE38,"52.487274,-1.78418",1450,149,327
1566254021,2019-08-19T22:33:41Z,UAE38,"52.490536,-1.787633",1600,148,327
1566254027,2019-08-19T22:33:47Z,UAE38,"52.493866,-1.791153",1750,147,327
1566254033,2019-08-19T22:33:53Z,UAE38,"52.497704,-1.794852",1925,148,332
1566254042,2019-08-19T22:34:02Z,UAE38,"52.503571,-1.797599",2150,154,354
1566254063,2019-08-19T22:34:23Z,UAE38,"52.517303,-1.785671",2675,176,56
1566254069,2019-08-19T22:34:29Z,UAE38,"52.519501,-1.778412",2850,179,68
1566254079,2019-08-19T22:34:39Z,UAE38,"52.522156,-1.766815",3125,177,67
1566254089,2019-08-19T22:34:49Z,UAE38,"52.526047,-1.752243",3400,182,66
1566254095,2019-08-19T22:34:55Z,UAE38,"52.528103,-1.744315",3475,188,68
1566254101,2019-08-19T22:35:01Z,UAE38,"52.529823,-1.736232",3575,194,72
1566254109,2019-08-19T22:35:09Z,UAE38,"52.531311,-1.727142",3675,202,77
1566254116,2019-08-19T22:35:16Z,UAE38,"52.532547,-1.713486",3800,212,85
1566254123,2019-08-19T22:35:23Z,UAE38,"52.532803,-1.703666",3900,220,89
1566254144,2019-08-19T22:35:44Z,UAE38,"52.528427,-1.668243",4175,244,120
1566254158,2019-08-19T22:35:58Z,UAE38,"52.517166,-1.645966",4450,258,130
1566254170,2019-08-19T22:36:10Z,UAE38,"52.510574,-1.628723",4625,275,113
1566254179,2019-08-19T22:36:19Z,UAE38,"52.507618,-1.607692",4875,284,95
1566254199,2019-08-19T22:36:39Z,UAE38,"52.508102,-1.564636",5675,290,87
1566254214,2019-08-19T22:36:54Z,UAE38,"52.508644,-1.530003",6375,291,89
1566254242,2019-08-19T22:37:22Z,UAE38,"52.506222,-1.468872",7675,292,96
1566254258,2019-08-19T22:37:38Z,UAE38,"52.503479,-1.435699",8325,294,98
1566254267,2019-08-19T22:37:47Z,UAE38,"52.501419,-1.414032",8775,294,98
1566254283,2019-08-19T22:38:03Z,UAE38,"52.497982,-1.379176",9425,297,99
1566254298,2019-08-19T22:38:18Z,UAE38,"52.494583,-1.344648",9925,304,99
1566254313,2019-08-19T22:38:33Z,UAE38,"52.491184,-1.309884",10375,311,99
1566254328,2019-08-19T22:38:48Z,UAE38,"52.487732,-1.27388",10650,324,98
1566254343,2019-08-19T22:39:03Z,UAE38,"52.48439,-1.237453",10875,341,98
1566254351,2019-08-19T22:39:11Z,UAE38,"52.482574,-1.21548",11025,354,97
1566254369,2019-08-19T22:39:29Z,UAE38,"52.478569,-1.167062",11325,376,97
1566254383,2019-08-19T22:39:43Z,UAE38,"52.475235,-1.126938",11600,390,97
1566254399,2019-08-19T22:39:59Z,UAE38,"52.471169,-1.078073",12150,401,97
1566254435,2019-08-19T22:40:35Z,UAE38,"52.461998,-0.970093",13650,413,97
1566254469,2019-08-19T22:41:09Z,UAE38,"52.452805,-0.861664",15175,422,97
1566254504,2019-08-19T22:41:44Z,UAE38,"52.44305,-0.749738",16650,430,98
1566254534,2019-08-19T22:42:14Z,UAE38,"52.434673,-0.654707",17775,437,98
1566254587,2019-08-19T22:43:07Z,UAE38,"52.419216,-0.479789",19650,453,98
1566254650,2019-08-19T22:44:10Z,UAE38,"52.399246,-0.260376",21800,469,98
1566254712,2019-08-19T22:45:12Z,UAE38,"52.378948,-0.040414",23650,486,98
1566254772,2019-08-19T22:46:12Z,UAE38,"52.358002,0.182059",25550,497,98
1566254836,2019-08-19T22:47:16Z,UAE38,"52.335159,0.41832",27275,507,99
1566254898,2019-08-19T22:48:18Z,UAE38,"52.316986,0.660121",28875,518,92
1566254929,2019-08-19T22:48:49Z,UAE38,"52.313416,0.778275",29575,522,93
1566255021,2019-08-19T22:50:21Z,UAE38,"52.295975,1.148605",31825,528,94
1566255082,2019-08-19T22:51:22Z,UAE38,"52.283752,1.389771",33000,536,94
1566255145,2019-08-19T22:52:25Z,UAE38,"52.270294,1.644496",34425,536,95
1566255206,2019-08-19T22:53:26Z,UAE38,"52.256882,1.88942",35625,536,95
1566255272,2019-08-19T22:54:32Z,UAE38,"52.24078,2.147356",37000,527,96
1566255331,2019-08-19T22:55:31Z,UAE38,"52.221497,2.430649",37000,542,96
1566255392,2019-08-19T22:56:32Z,UAE38,"52.202934,2.70146",37000,541,96
1566255472,2019-08-19T22:57:52Z,UAE38,"52.185196,2.950897",37000,542,96
1566255533,2019-08-19T22:58:53Z,UAE38,"52.166519,3.205795",37000,541,96
1566255594,2019-08-19T22:59:54Z,UAE38,"52.148048,3.450099",37000,543,96
1566255657,2019-08-19T23:00:57Z,UAE38,"52.128403,3.703884",37000,540,97
1566255721,2019-08-19T23:02:01Z,UAE38,"52.108154,3.957354",37000,540,97
1566255784,2019-08-19T23:03:04Z,UAE38,"52.087158,4.2131",37000,541,97
1566255845,2019-08-19T23:04:05Z,UAE38,"52.066166,4.462411",37000,544,97
1566255910,2019-08-19T23:05:10Z,UAE38,"52.043564,4.722824",37000,544,98
1566255972,2019-08-19T23:06:12Z,UAE38,"52.021008,4.976728",37000,546,98
1566256036,2019-08-19T23:07:16Z,UAE38,"51.997826,5.23114",37000,546,98
1566256099,2019-08-19T23:08:19Z,UAE38,"51.97385,5.488691",37000,547,98
1566256159,2019-08-19T23:09:19Z,UAE38,"51.950592,5.732117",37000,546,98
1566256223,2019-08-19T23:10:23Z,UAE38,"51.92569,5.986023",37000,549,99
1566256286,2019-08-19T23:11:26Z,UAE38,"51.899788,6.2451",37000,554,99
1566256349,2019-08-19T23:12:29Z,UAE38,"51.87344,6.502457",37000,558,99
1566256413,2019-08-19T23:13:33Z,UAE38,"51.84639,6.761093",37000,559,99
1566256473,2019-08-19T23:14:33Z,UAE38,"51.819672,7.010391",37000,559,99
1566256536,2019-08-19T23:15:36Z,UAE38,"51.791428,7.268867",37000,556,100
1566256600,2019-08-19T23:16:40Z,UAE38,"51.76268,7.526674",37000,555,100
1566256663,2019-08-19T23:17:43Z,UAE38,"51.733177,7.785416",37000,557,100
1566256723,2019-08-19T23:18:43Z,UAE38,"51.704731,8.030243",37000,558,100
1566256787,2019-08-19T23:19:47Z,UAE38,"51.674053,8.288651",37000,560,100
1566256849,2019-08-19T23:20:49Z,UAE38,"51.642975,8.545656",37000,561,101
1566256913,2019-08-19T23:21:53Z,UAE38,"51.611023,8.805389",37000,560,101
1566256975,2019-08-19T23:22:55Z,UAE38,"51.578621,9.062881",37000,560,101
1566257039,2019-08-19T23:23:59Z,UAE38,"51.54557,9.32106",37000,562,101
1566257102,2019-08-19T23:25:02Z,UAE38,"51.512146,9.577332",37000,564,101
1566257169,2019-08-19T23:26:09Z,UAE38,"51.476116,9.84848",37000,562,102
1566257228,2019-08-19T23:27:08Z,UAE38,"51.424301,10.078546",37000,554,111
1566257292,2019-08-19T23:28:12Z,UAE38,"51.365295,10.324327",37000,562,111
1566257354,2019-08-19T23:29:14Z,UAE38,"51.306839,10.56432",37000,564,111
1566257413,2019-08-19T23:30:13Z,UAE38,"51.249985,10.795774",37000,569,111
1566257505,2019-08-19T23:31:45Z,UAE38,"51.161373,11.15181",37000,570,111
1566257564,2019-08-19T23:32:44Z,UAE38,"51.10231,11.385844",37000,569,111
1566257628,2019-08-19T23:33:48Z,UAE38,"51.040009,11.629993",37000,571,112
1566257691,2019-08-19T23:34:51Z,UAE38,"50.9767,11.875552",37000,572,112
1566257752,2019-08-19T23:35:52Z,UAE38,"50.916462,12.106781",37000,572,112
1566257815,2019-08-19T23:36:55Z,UAE38,"50.851273,12.354126",37000,574,112
1566257877,2019-08-19T23:37:57Z,UAE38,"50.786583,12.597427",37000,572,112
1566257941,2019-08-19T23:39:01Z,UAE38,"50.721596,12.838974",37000,571,113
1566258002,2019-08-19T23:40:02Z,UAE38,"50.659515,13.067298",37000,570,113
1566258065,2019-08-19T23:41:05Z,UAE38,"50.592785,13.310308",36975,573,113
1566258127,2019-08-19T23:42:07Z,UAE38,"50.525703,13.55223",37025,572,113
1566258191,2019-08-19T23:43:11Z,UAE38,"50.458809,13.791034",37000,570,113
1566258253,2019-08-19T23:44:13Z,UAE38,"50.392685,14.024337",37000,570,114
1566258317,2019-08-19T23:45:17Z,UAE38,"50.323574,14.266118",37000,572,114
1566258377,2019-08-19T23:46:17Z,UAE38,"50.259007,14.489853",37000,569,114
1566258441,2019-08-19T23:47:21Z,UAE38,"50.190491,14.724933",38000,566,114
1566258505,2019-08-19T23:48:25Z,UAE38,"50.1227,14.955659",39025,545,114
1566258567,2019-08-19T23:49:27Z,UAE38,"50.055759,15.180582",39000,548,114
1566258630,2019-08-19T23:50:30Z,UAE38,"49.988068,15.406157",39000,550,114
1566258691,2019-08-19T23:51:31Z,UAE38,"49.923111,15.620751",39000,549,115
1566258754,2019-08-19T23:52:34Z,UAE38,"49.854748,15.844586",39000,553,115
1566258816,2019-08-19T23:53:36Z,UAE38,"49.786514,16.066059",39000,553,115
1566258880,2019-08-19T23:54:40Z,UAE38,"49.716438,16.291166",39000,555,115
1566258940,2019-08-19T23:55:40Z,UAE38,"49.648006,16.509258",39000,554,115
1566259016,2019-08-19T23:56:56Z,UAE38,"49.565323,16.770197",39000,555,116
1566259076,2019-08-19T23:57:56Z,UAE38,"49.494553,16.99144",39000,554,116
1566259140,2019-08-19T23:59:00Z,UAE38,"49.422318,17.215153",39000,554,116
1566259176,2019-08-19T23:59:36Z,UAE38,"49.381588,17.340546",39000,553,116
1566259322,2019-08-20T00:02:02Z,UAE38,"49.172012,17.797781",39000,538,127
1566259379,2019-08-20T00:02:59Z,UAE38,"49.084866,17.971754",39000,535,127
1566259446,2019-08-20T00:04:06Z,UAE38,"48.985432,18.169001",39000,534,127
1566259509,2019-08-20T00:05:09Z,UAE38,"48.893143,18.35083",39000,534,127
1566259570,2019-08-20T00:06:10Z,UAE38,"48.798706,18.535484",39000,537,127
1566259633,2019-08-20T00:07:13Z,UAE38,"48.702713,18.722111",39000,537,127
1566259696,2019-08-20T00:08:16Z,UAE38,"48.605301,18.910006",39000,532,128
1566259763,2019-08-20T00:09:23Z,UAE38,"48.504826,19.102551",39000,534,128
1566259825,2019-08-20T00:10:25Z,UAE38,"48.410065,19.282766",39000,533,128
1566259885,2019-08-20T00:11:25Z,UAE38,"48.318756,19.455414",39000,530,128
1566259948,2019-08-20T00:12:28Z,UAE38,"48.222107,19.636793",39000,530,128
1566260012,2019-08-20T00:13:32Z,UAE38,"48.125099,19.817646",39000,531,128
1566260074,2019-08-20T00:14:34Z,UAE38,"48.027851,19.997864",39000,529,128
1566260137,2019-08-20T00:15:37Z,UAE38,"47.930557,20.176872",39000,531,129
1566260200,2019-08-20T00:16:40Z,UAE38,"47.83287,20.355469",39000,532,129
1566260263,2019-08-20T00:17:43Z,UAE38,"47.734909,20.533379",39000,530,129
1566260326,2019-08-20T00:18:46Z,UAE38,"47.636532,20.710777",39000,532,129
1566260390,2019-08-20T00:19:50Z,UAE38,"47.538345,20.886795",39000,529,129
1566260453,2019-08-20T00:20:53Z,UAE38,"47.439243,21.063326",39025,524,129
1566260516,2019-08-20T00:21:56Z,UAE38,"47.343246,21.233139",39000,518,129
1566260582,2019-08-20T00:23:02Z,UAE38,"47.242794,21.409678",39000,520,130
1566260645,2019-08-20T00:24:05Z,UAE38,"47.143776,21.584826",39000,524,127
1566260707,2019-08-20T00:25:07Z,UAE38,"47.054398,21.762543",39000,527,126
1566260771,2019-08-20T00:26:11Z,UAE38,"46.961571,21.941669",39000,523,127
1566260831,2019-08-20T00:27:11Z,UAE38,"46.87331,22.11076",39000,520,127
1566260891,2019-08-20T00:28:11Z,UAE38,"46.784348,22.280205",39000,521,127
1566260955,2019-08-20T00:29:15Z,UAE38,"46.691616,22.455711",39000,516,127
1566261019,2019-08-20T00:30:19Z,UAE38,"46.59906,22.629826",39000,512,127
1566261079,2019-08-20T00:31:19Z,UAE38,"46.511692,22.793198",39000,511,127
1566261140,2019-08-20T00:32:20Z,UAE38,"46.423737,22.956669",39000,513,127
1566261205,2019-08-20T00:33:25Z,UAE38,"46.330444,23.128967",39000,514,128
1566261265,2019-08-20T00:34:25Z,UAE38,"46.241959,23.291351",39000,515,128
1566261324,2019-08-20T00:35:24Z,UAE38,"46.151459,23.456547",39000,514,128
1566261387,2019-08-20T00:36:27Z,UAE38,"46.057663,23.626701",39000,512,128
1566261450,2019-08-20T00:37:30Z,UAE38,"45.967667,23.789085",39000,512,128
1566261514,2019-08-20T00:38:34Z,UAE38,"45.873413,23.958033",39000,513,128
1566261577,2019-08-20T00:39:37Z,UAE38,"45.778564,24.127115",39000,512,128
1566261637,2019-08-20T00:40:37Z,UAE38,"45.688648,24.286377",39000,511,128
1566261699,2019-08-20T00:41:39Z,UAE38,"45.597683,24.446571",39000,515,129
1566261760,2019-08-20T00:42:40Z,UAE38,"45.507156,24.60519",39000,516,129
1566261822,2019-08-20T00:43:42Z,UAE38,"45.410126,24.77417",39000,514,129
1566261884,2019-08-20T00:44:44Z,UAE38,"45.320343,24.929613",39000,512,129
1566261950,2019-08-20T00:45:50Z,UAE38,"45.221775,25.099272",39000,510,129
1566262011,2019-08-20T00:46:51Z,UAE38,"45.128723,25.258549",39000,511,129
1566262073,2019-08-20T00:47:53Z,UAE38,"45.035751,25.41687",39000,508,129
1566262135,2019-08-20T00:48:55Z,UAE38,"44.941811,25.575703",39000,508,129
1566262197,2019-08-20T00:49:57Z,UAE38,"44.84903,25.731789",39000,508,129
1566262258,2019-08-20T00:50:58Z,UAE38,"44.756252,25.887005",39000,506,130
1566262320,2019-08-20T00:52:00Z,UAE38,"44.663544,26.041325",39000,506,130
1566262379,2019-08-20T00:52:59Z,UAE38,"44.574051,26.18951",39000,508,130
1566262442,2019-08-20T00:54:02Z,UAE38,"44.477451,26.348497",39000,509,130
1566262506,2019-08-20T00:55:06Z,UAE38,"44.379829,26.508268",39000,508,130
1566262567,2019-08-20T00:56:07Z,UAE38,"44.288223,26.65741",39000,506,130
1566262630,2019-08-20T00:57:10Z,UAE38,"44.191109,26.81488",39000,509,130
1566262693,2019-08-20T00:58:13Z,UAE38,"44.095413,26.969007",39000,509,130
1566262753,2019-08-20T00:59:13Z,UAE38,"44.002151,27.118639",39000,513,130
1566262772,2019-08-20T00:59:32Z,UAE38,"43.973244,27.164808",39000,514,130
1566262860,2019-08-20T01:01:00Z,UAE38,"43.833542,27.386692",39000,520,131
1566262920,2019-08-20T01:02:00Z,UAE38,"43.739506,27.535204",39000,520,131
1566262983,2019-08-20T01:03:03Z,UAE38,"43.640442,27.690779",39000,520,131
1566263047,2019-08-20T01:04:07Z,UAE38,"43.538223,27.850342",39000,517,131
1566263107,2019-08-20T01:05:07Z,UAE38,"43.442596,27.998983",39000,517,131
1566263171,2019-08-20T01:06:11Z,UAE38,"43.342712,28.153296",39000,514,131
1566263236,2019-08-20T01:07:16Z,UAE38,"43.241959,28.308126",39000,513,131
1566263295,2019-08-20T01:08:15Z,UAE38,"43.145737,28.455484",39000,516,131
1566263358,2019-08-20T01:09:18Z,UAE38,"43.044155,28.609772",39000,520,131
1566263420,2019-08-20T01:10:20Z,UAE38,"42.942078,28.764315",39000,525,132
1566263482,2019-08-20T01:11:22Z,UAE38,"42.843704,28.912247",39000,526,132
1566263545,2019-08-20T01:12:25Z,UAE38,"42.741486,29.065268",39000,525,132
1566263607,2019-08-20T01:13:27Z,UAE38,"42.639614,29.21699",39000,522,132
1566263669,2019-08-20T01:14:29Z,UAE38,"42.539902,29.364731",39000,523,132
1566263733,2019-08-20T01:15:33Z,UAE38,"42.435974,29.521263",39000,523,128
1566263793,2019-08-20T01:16:33Z,UAE38,"42.357601,29.685314",39000,514,117
1566263856,2019-08-20T01:17:36Z,UAE38,"42.301693,29.869398",39000,504,108
1566263918,2019-08-20T01:18:38Z,UAE38,"42.25177,30.05953",38975,503,112
1566263980,2019-08-20T01:19:40Z,UAE38,"42.19318,30.228754",39000,496,114
1566264043,2019-08-20T01:20:43Z,UAE38,"42.133667,30.408159",39000,499,114
1566264106,2019-08-20T01:21:46Z,UAE38,"42.074203,30.5865",39000,505,114
1566264166,2019-08-20T01:22:46Z,UAE38,"42.015747,30.760595",39000,502,114
1566264229,2019-08-20T01:23:49Z,UAE38,"41.955624,30.938585",39000,497,114
1566264289,2019-08-20T01:24:49Z,UAE38,"41.899296,31.104658",39000,496,114
1566264354,2019-08-20T01:25:54Z,UAE38,"41.836868,31.287401",39000,495,114
1566264413,2019-08-20T01:26:53Z,UAE38,"41.781235,31.449175",39000,497,114
1566264482,2019-08-20T01:28:02Z,UAE38,"41.713364,31.645161",39000,496,114
1566264548,2019-08-20T01:29:08Z,UAE38,"41.650612,31.825476",39000,493,114
1566264609,2019-08-20T01:30:09Z,UAE38,"41.591351,31.994423",39000,495,115
1566264671,2019-08-20T01:31:11Z,UAE38,"41.531113,32.165161",39000,499,115
1566264735,2019-08-20T01:32:15Z,UAE38,"41.469246,32.3396",39000,498,115
1566264797,2019-08-20T01:33:17Z,UAE38,"41.406216,32.516273",39000,499,115
1566264861,2019-08-20T01:34:21Z,UAE38,"41.343182,32.691505",39000,500,115
1566264921,2019-08-20T01:35:21Z,UAE38,"41.283596,32.856613",39000,496,115
1566264984,2019-08-20T01:36:24Z,UAE38,"41.220337,33.030579",39000,494,115
1566265048,2019-08-20T01:37:28Z,UAE38,"41.158401,33.19989",39000,493,115
1566265111,2019-08-20T01:38:31Z,UAE38,"41.094826,33.372658",39000,488,115
1566265172,2019-08-20T01:39:32Z,UAE38,"41.03347,33.538452",39000,485,116
1566265235,2019-08-20T01:40:35Z,UAE38,"40.972595,33.701843",39000,485,116
1566265297,2019-08-20T01:41:37Z,UAE38,"40.910339,33.868164",39000,486,116
1566265362,2019-08-20T01:42:42Z,UAE38,"40.846893,34.036804",39000,482,116
1566265423,2019-08-20T01:43:43Z,UAE38,"40.783764,34.203312",39000,485,116
1566265488,2019-08-20T01:44:48Z,UAE38,"40.720093,34.370544",39000,486,116
1566265549,2019-08-20T01:45:49Z,UAE38,"40.659424,34.528843",39000,482,116
1566265610,2019-08-20T01:46:50Z,UAE38,"40.59613,34.69342",39025,480,116
1566265673,2019-08-20T01:47:53Z,UAE38,"40.532776,34.856934",39000,475,116
1566265736,2019-08-20T01:48:56Z,UAE38,"40.469971,35.018311",39000,473,116
1566265796,2019-08-20T01:49:56Z,UAE38,"40.410973,35.168858",39000,470,117
1566265861,2019-08-20T01:51:01Z,UAE38,"40.347473,35.3302",39025,470,117
1566265923,2019-08-20T01:52:03Z,UAE38,"40.285656,35.490959",39000,473,111
1566265968,2019-08-20T01:52:48Z,UAE38,"40.251068,35.608643",39000,474,111
1566266058,2019-08-20T01:54:18Z,UAE38,"40.17728,35.854256",39000,480,111
1566266117,2019-08-20T01:55:17Z,UAE38,"40.129395,36.013",39000,479,111
1566266180,2019-08-20T01:56:20Z,UAE38,"40.078545,36.180477",39000,480,111
1566266243,2019-08-20T01:57:23Z,UAE38,"40.025528,36.354065",39000,482,111
1566266304,2019-08-20T01:58:24Z,UAE38,"39.975616,36.516495",39000,480,111
1566266368,2019-08-20T01:59:28Z,UAE38,"39.92308,36.686584",39000,479,111
1566266427,2019-08-20T02:00:27Z,UAE38,"39.873295,36.846313",39000,479,112
1566266489,2019-08-20T02:01:29Z,UAE38,"39.822182,37.009583",39000,479,112
1566266552,2019-08-20T02:02:32Z,UAE38,"39.769547,37.176781",39000,476,112
1566266612,2019-08-20T02:03:32Z,UAE38,"39.71888,37.336609",39000,473,112
1566266676,2019-08-20T02:04:36Z,UAE38,"39.666,37.50243",39000,470,112
1566266712,2019-08-20T02:05:12Z,UAE38,"39.637619,37.591274",39000,468,112
1566266805,2019-08-20T02:06:45Z,UAE38,"39.559532,37.833252",39000,473,112
1566267262,2019-08-20T02:14:22Z,UAE38,"39.163513,39.031067",39000,484,113
1566268102,2019-08-20T02:28:22Z,UAE38,"38.369202,41.292759",39000,501,114
1566268162,2019-08-20T02:29:22Z,UAE38,"38.310165,41.454102",39000,503,115
1566268225,2019-08-20T02:30:25Z,UAE38,"38.24794,41.623341",39000,503,115
1566268286,2019-08-20T02:31:26Z,UAE38,"38.18792,41.785603",39000,502,115
1566268349,2019-08-20T02:32:29Z,UAE38,"38.125076,41.954391",39000,503,115
1566268410,2019-08-20T02:33:30Z,UAE38,"38.064743,42.115856",39000,501,115
1566268471,2019-08-20T02:34:31Z,UAE38,"38.003815,42.277962",39000,501,115
1566268532,2019-08-20T02:35:32Z,UAE38,"37.942795,42.439369",39000,502,115
1566268593,2019-08-20T02:36:33Z,UAE38,"37.881557,42.600441",39000,502,115
1566268653,2019-08-20T02:37:33Z,UAE38,"37.813404,42.755028",39000,496,121
1566268718,2019-08-20T02:38:38Z,UAE38,"37.737762,42.913357",39000,498,121
1566268778,2019-08-20T02:39:38Z,UAE38,"37.66539,43.063892",39000,498,121
1566268842,2019-08-20T02:40:42Z,UAE38,"37.58963,43.220692",39000,499,121
1566268903,2019-08-20T02:41:43Z,UAE38,"37.516068,43.37233",39000,501,121
1566268963,2019-08-20T02:42:43Z,UAE38,"37.442642,43.522865",39000,500,121
1566269024,2019-08-20T02:43:44Z,UAE38,"37.368988,43.673225",39000,497,121
1566269087,2019-08-20T02:44:47Z,UAE38,"37.292393,43.828701",39000,498,122
1566269148,2019-08-20T02:45:48Z,UAE38,"37.20607,43.964596",38975,492,134
1566269182,2019-08-20T02:46:22Z,UAE38,"37.149197,44.027111",38900,489,146
1566269191,2019-08-20T02:46:31Z,UAE38,"37.131363,44.040215",38850,490,152
1566269197,2019-08-20T02:46:37Z,UAE38,"37.119232,44.047462",38825,491,156
1566269203,2019-08-20T02:46:43Z,UAE38,"37.105682,44.054066",38775,491,160
1566269210,2019-08-20T02:46:50Z,UAE38,"37.092361,44.059441",38750,491,163
1566269217,2019-08-20T02:46:57Z,UAE38,"37.07299,44.066582",38675,491,163
1566269282,2019-08-20T02:48:02Z,UAE38,"36.933475,44.123241",38250,492,161
1566269343,2019-08-20T02:49:03Z,UAE38,"36.801498,44.176201",37850,492,162
1566269407,2019-08-20T02:50:07Z,UAE38,"36.663193,44.231483",37450,495,162
1566269469,2019-08-20T02:51:09Z,UAE38,"36.529167,44.284954",37025,495,162
1566269529,2019-08-20T02:52:09Z,UAE38,"36.395508,44.338074",37000,494,162
1566269591,2019-08-20T02:53:11Z,UAE38,"36.263306,44.390373",37000,493,162
1566269651,2019-08-20T02:54:11Z,UAE38,"36.13073,44.442677",37000,494,162
1566269713,2019-08-20T02:55:13Z,UAE38,"35.997208,44.495087",37000,497,162
1566269773,2019-08-20T02:56:13Z,UAE38,"35.863358,44.547501",37000,500,162
1566269833,2019-08-20T02:57:13Z,UAE38,"35.728329,44.600166",37000,502,162
1566269894,2019-08-20T02:58:14Z,UAE38,"35.594585,44.652176",37000,500,162
1566269956,2019-08-20T02:59:16Z,UAE38,"35.458649,44.704857",37000,497,162
1566270017,2019-08-20T03:00:17Z,UAE38,"35.325531,44.756241",37000,498,162
1566270077,2019-08-20T03:01:17Z,UAE38,"35.192047,44.807571",37000,499,162
1566270141,2019-08-20T03:02:21Z,UAE38,"35.050507,44.861885",37000,500,162
1566270202,2019-08-20T03:03:22Z,UAE38,"34.914829,44.913712",37000,500,162
1566270279,2019-08-20T03:04:39Z,UAE38,"34.747147,44.977467",37000,501,162
1566270338,2019-08-20T03:05:38Z,UAE38,"34.614441,45.027802",37000,500,162
1566270402,2019-08-20T03:06:42Z,UAE38,"34.474354,45.080681",37000,499,162
1566270466,2019-08-20T03:07:46Z,UAE38,"34.33316,45.133839",37000,499,162
1566270526,2019-08-20T03:08:46Z,UAE38,"34.198517,45.184357",37000,501,162
1566270588,2019-08-20T03:09:48Z,UAE38,"34.063667,45.234776",37000,499,162
1566270651,2019-08-20T03:10:51Z,UAE38,"33.924774,45.286541",37000,498,162
1566270712,2019-08-20T03:11:52Z,UAE38,"33.787521,45.337486",37000,500,162
1566270774,2019-08-20T03:12:54Z,UAE38,"33.650238,45.388298",37000,502,162
1566270838,2019-08-20T03:13:58Z,UAE38,"33.510117,45.439957",37000,503,162
1566270900,2019-08-20T03:15:00Z,UAE38,"33.371841,45.490814",37000,503,162
1566270961,2019-08-20T03:16:01Z,UAE38,"33.236115,45.540474",37000,504,162
1566271024,2019-08-20T03:17:04Z,UAE38,"33.095398,45.591888",37000,504,162
1566271086,2019-08-20T03:18:06Z,UAE38,"32.95726,45.642197",37000,503,162
1566271148,2019-08-20T03:19:08Z,UAE38,"32.823845,45.710411",37000,506,150
1566271209,2019-08-20T03:20:09Z,UAE38,"32.705276,45.807774",37000,508,141
1566271271,2019-08-20T03:21:11Z,UAE38,"32.590103,45.914555",37000,509,141
1566271347,2019-08-20T03:22:27Z,UAE38,"32.449703,46.04454",37000,512,141
1566271409,2019-08-20T03:23:29Z,UAE38,"32.33337,46.151825",37000,513,141
1566271471,2019-08-20T03:24:31Z,UAE38,"32.217316,46.258537",37000,511,141
1566271533,2019-08-20T03:25:33Z,UAE38,"32.102921,46.363403",37000,512,141
1566271579,2019-08-20T03:26:19Z,UAE38,"32.016129,46.442669",37000,513,142
1566271667,2019-08-20T03:27:47Z,UAE38,"31.849228,46.594666",37000,513,142
1566271729,2019-08-20T03:28:49Z,UAE38,"31.732407,46.700619",37000,513,142
1566271793,2019-08-20T03:29:53Z,UAE38,"31.615021,46.806702",37000,512,142
1566271850,2019-08-20T03:30:50Z,UAE38,"31.505064,46.9058",37000,514,142
1566271915,2019-08-20T03:31:55Z,UAE38,"31.382217,47.016151",37000,515,142
1566271977,2019-08-20T03:32:57Z,UAE38,"31.265646,47.120472",37000,514,142
1566272039,2019-08-20T03:33:59Z,UAE38,"31.149078,47.224461",37000,512,142
1566272103,2019-08-20T03:35:03Z,UAE38,"31.028961,47.331364",37000,511,142
1566272164,2019-08-20T03:36:04Z,UAE38,"30.912594,47.434517",37000,512,142
1566272225,2019-08-20T03:37:05Z,UAE38,"30.799667,47.540482",37000,510,137
1566272290,2019-08-20T03:38:10Z,UAE38,"30.687654,47.657867",37000,508,138
1566272352,2019-08-20T03:39:12Z,UAE38,"30.578583,47.771355",37000,507,138
1566272414,2019-08-20T03:40:14Z,UAE38,"30.469254,47.884827",37000,509,138
1566272476,2019-08-20T03:41:16Z,UAE38,"30.360624,47.997181",37000,511,138
1566272539,2019-08-20T03:42:19Z,UAE38,"30.248062,48.113251",37000,514,138
1566272602,2019-08-20T03:43:22Z,UAE38,"30.136616,48.227837",37000,512,138
1566272665,2019-08-20T03:44:25Z,UAE38,"30.025215,48.34193",37000,511,138
1566272727,2019-08-20T03:45:27Z,UAE38,"29.91069,48.445957",37000,510,146
1566272790,2019-08-20T03:46:30Z,UAE38,"29.789154,48.540768",37000,513,145
1566272853,2019-08-20T03:47:33Z,UAE38,"29.663818,48.639221",37000,514,145
1566272915,2019-08-20T03:48:35Z,UAE38,"29.540421,48.735622",37000,514,145
1566272978,2019-08-20T03:49:38Z,UAE38,"29.417496,48.831375",37000,513,145
1566273042,2019-08-20T03:50:42Z,UAE38,"29.292435,48.928459",37000,514,145
1566273104,2019-08-20T03:51:44Z,UAE38,"29.168472,49.024429",37000,514,145
1566273169,2019-08-20T03:52:49Z,UAE38,"29.041443,49.122513",37000,514,145
1566273233,2019-08-20T03:53:53Z,UAE38,"28.915237,49.2197",37000,512,145
1566273296,2019-08-20T03:54:56Z,UAE38,"28.791504,49.314617",37000,509,145
1566273360,2019-08-20T03:56:00Z,UAE38,"28.670517,49.413811",37000,508,139
1566273422,2019-08-20T03:57:02Z,UAE38,"28.570221,49.53487",37000,506,127
1566273485,2019-08-20T03:58:05Z,UAE38,"28.489784,49.675274",37000,508,123
1566273549,2019-08-20T03:59:09Z,UAE38,"28.393373,49.805656",37000,510,135
1566273611,2019-08-20T04:00:11Z,UAE38,"28.276573,49.910133",37000,512,147
1566273674,2019-08-20T04:01:14Z,UAE38,"28.152605,50.001419",37000,509,144
1566273736,2019-08-20T04:02:16Z,UAE38,"28.031942,50.097172",37000,508,145
1566273799,2019-08-20T04:03:19Z,UAE38,"27.9104,50.19104",37000,509,145
1566273860,2019-08-20T04:04:20Z,UAE38,"27.791473,50.282764",37000,507,145
1566273921,2019-08-20T04:05:21Z,UAE38,"27.674377,50.37278",37000,506,145
1566273980,2019-08-20T04:06:20Z,UAE38,"27.55925,50.461189",37000,507,145
1566274025,2019-08-20T04:07:05Z,UAE38,"27.471174,50.52866",37000,508,145
1566274115,2019-08-20T04:08:35Z,UAE38,"27.297115,50.661602",37000,510,145
1566274180,2019-08-20T04:09:40Z,UAE38,"27.168211,50.761379",37000,509,142
1566274242,2019-08-20T04:10:42Z,UAE38,"27.063236,50.871666",37000,509,134
1566274301,2019-08-20T04:11:41Z,UAE38,"26.973577,50.992039",37000,509,124
1566274364,2019-08-20T04:12:44Z,UAE38,"26.897003,51.131771",37000,509,119
1566274429,2019-08-20T04:13:49Z,UAE38,"26.837906,51.290451",37000,507,107
1566274491,2019-08-20T04:14:51Z,UAE38,"26.791744,51.443798",37000,507,108
1566274556,2019-08-20T04:15:56Z,UAE38,"26.742445,51.607113",37000,507,108
1566274618,2019-08-20T04:16:58Z,UAE38,"26.697098,51.757938",37000,507,108
1566274677,2019-08-20T04:17:57Z,UAE38,"26.652367,51.907021",37000,508,108
1566274740,2019-08-20T04:19:00Z,UAE38,"26.602844,52.05965",37000,509,110
1566274799,2019-08-20T04:19:59Z,UAE38,"26.55423,52.2076",37000,509,110
1566274860,2019-08-20T04:21:00Z,UAE38,"26.504013,52.360737",37000,512,110
1566274918,2019-08-20T04:21:58Z,UAE38,"26.457127,52.503136",37000,511,110
1566274978,2019-08-20T04:22:58Z,UAE38,"26.408247,52.650974",36475,514,110
1566275046,2019-08-20T04:24:06Z,UAE38,"26.350937,52.823456",35300,522,110
1566275113,2019-08-20T04:25:13Z,UAE38,"26.295031,52.990971",33675,523,110
1566275174,2019-08-20T04:26:14Z,UAE38,"26.244616,53.141186",32300,527,110
1566275244,2019-08-20T04:27:24Z,UAE38,"26.184656,53.319237",31025,521,111
1566275266,2019-08-20T04:27:46Z,UAE38,"26.163103,53.375225",29900,526,114
1566275355,2019-08-20T04:29:15Z,UAE38,"26.075678,53.589302",26975,500,114
1566275422,2019-08-20T04:30:22Z,UAE38,"26.013748,53.740971",24625,490,114
1566275483,2019-08-20T04:31:23Z,UAE38,"25.958221,53.881512",22750,469,113
1566275548,2019-08-20T04:32:28Z,UAE38,"25.902876,54.021889",20675,454,115
1566275611,2019-08-20T04:33:31Z,UAE38,"25.845291,54.148655",19375,423,116
1566275664,2019-08-20T04:34:24Z,UAE38,"25.805256,54.251732",17675,415,107
1566275726,2019-08-20T04:35:26Z,UAE38,"25.768112,54.372204",16150,392,109
1566275761,2019-08-20T04:36:01Z,UAE38,"25.746832,54.439949",14925,390,108
1566275793,2019-08-20T04:36:33Z,UAE38,"25.72863,54.498508",13875,386,109
1566275822,2019-08-20T04:37:02Z,UAE38,"25.71122,54.554531",12825,381,108
1566275859,2019-08-20T04:37:39Z,UAE38,"25.69043,54.620819",11900,368,109
1566275868,2019-08-20T04:37:48Z,UAE38,"25.685165,54.637348",11675,363,109
1566275883,2019-08-20T04:38:03Z,UAE38,"25.676538,54.664135",11150,362,109
1566275899,2019-08-20T04:38:19Z,UAE38,"25.667694,54.691185",10575,364,109
1566275914,2019-08-20T04:38:34Z,UAE38,"25.658615,54.71917",10250,362,109
1566275930,2019-08-20T04:38:50Z,UAE38,"25.650517,54.744305",10175,346,109
1566275945,2019-08-20T04:39:05Z,UAE38,"25.642044,54.770611",9950,337,109
1566275955,2019-08-20T04:39:15Z,UAE38,"25.636551,54.787575",9600,338,109
1566275971,2019-08-20T04:39:31Z,UAE38,"25.628677,54.812012",9325,323,110
1566275981,2019-08-20T04:39:41Z,UAE38,"25.622681,54.826611",9125,308,119
1566275987,2019-08-20T04:39:47Z,UAE38,"25.618582,54.833332",9025,303,125
1566275996,2019-08-20T04:39:56Z,UAE38,"25.609909,54.844208",8775,292,133
1566276006,2019-08-20T04:40:06Z,UAE38,"25.600754,54.854786",8375,289,133
1566276022,2019-08-20T04:40:22Z,UAE38,"25.585693,54.873199",7575,289,131
1566276037,2019-08-20T04:40:37Z,UAE38,"25.572281,54.89024",6825,290,130
1566276052,2019-08-20T04:40:52Z,UAE38,"25.559181,54.906818",6150,290,131
1566276068,2019-08-20T04:41:08Z,UAE38,"25.545227,54.924519",5725,284,131
1566276083,2019-08-20T04:41:23Z,UAE38,"25.532272,54.940845",5575,269,131
1566276099,2019-08-20T04:41:39Z,UAE38,"25.519913,54.95631",5350,257,131
1566276114,2019-08-20T04:41:54Z,UAE38,"25.507919,54.971313",4975,253,131
1566276124,2019-08-20T04:42:04Z,UAE38,"25.499908,54.981281",4675,251,131
1566276135,2019-08-20T04:42:15Z,UAE38,"25.492424,54.990562",4425,248,131
1566276149,2019-08-20T04:42:29Z,UAE38,"25.480646,55.005177",3975,247,131
1566276155,2019-08-20T04:42:35Z,UAE38,"25.476425,55.010479",3800,245,131
1566276173,2019-08-20T04:42:53Z,UAE38,"25.462631,55.027615",3450,240,131
1566276184,2019-08-20T04:43:04Z,UAE38,"25.454159,55.038189",3300,238,131
1566276195,2019-08-20T04:43:15Z,UAE38,"25.446245,55.048084",3150,237,131
1566276206,2019-08-20T04:43:26Z,UAE38,"25.439354,55.056637",3050,237,131
1566276215,2019-08-20T04:43:35Z,UAE38,"25.432186,55.065601",2975,236,131
1566276226,2019-08-20T04:43:46Z,UAE38,"25.423807,55.076019",2875,235,131
1566276236,2019-08-20T04:43:56Z,UAE38,"25.41655,55.084888",2800,234,133
1566276251,2019-08-20T04:44:11Z,UAE38,"25.40593,55.097992",2675,228,129
1566276262,2019-08-20T04:44:22Z,UAE38,"25.399273,55.107838",2600,223,125
1566276273,2019-08-20T04:44:33Z,UAE38,"25.393341,55.117493",2500,216,122
1566276282,2019-08-20T04:44:42Z,UAE38,"25.387939,55.126904",2425,212,121
1566276297,2019-08-20T04:44:57Z,UAE38,"25.380341,55.140736",2300,200,120
1566276308,2019-08-20T04:45:08Z,UAE38,"25.375484,55.149811",2225,191,120
1566276319,2019-08-20T04:45:19Z,UAE38,"25.370911,55.158283",2225,185,120
1566276328,2019-08-20T04:45:28Z,UAE38,"25.366516,55.166271",2225,183,121
1566276338,2019-08-20T04:45:38Z,UAE38,"25.361893,55.174583",2225,183,121
1566276349,2019-08-20T04:45:49Z,UAE38,"25.357315,55.1828",2225,184,121
1566276360,2019-08-20T04:46:00Z,UAE38,"25.352814,55.190857",2225,182,121
1566276369,2019-08-20T04:46:09Z,UAE38,"25.348438,55.198734",2225,170,121
1566276380,2019-08-20T04:46:20Z,UAE38,"25.344435,55.206196",2225,164,120
1566276389,2019-08-20T04:46:29Z,UAE38,"25.340477,55.213501",2225,162,121
1566276401,2019-08-20T04:46:41Z,UAE38,"25.336258,55.220898",2225,161,122
1566276410,2019-08-20T04:46:50Z,UAE38,"25.332275,55.227966",2225,160,121
1566276421,2019-08-20T04:47:01Z,UAE38,"25.328384,55.235088",2225,161,120
1566276435,2019-08-20T04:47:15Z,UAE38,"25.322479,55.245922",2225,162,121
1566276447,2019-08-20T04:47:27Z,UAE38,"25.318405,55.253296",2125,164,121
1566276455,2019-08-20T04:47:35Z,UAE38,"25.314968,55.259521",2000,160,121
1566276466,2019-08-20T04:47:46Z,UAE38,"25.310684,55.267189",1850,159,121
1566276482,2019-08-20T04:48:02Z,UAE38,"25.304626,55.278168",1650,159,121
1566276492,2019-08-20T04:48:12Z,UAE38,"25.30069,55.285236",1500,155,121
1566276501,2019-08-20T04:48:21Z,UAE38,"25.29751,55.290977",1400,149,121
1566276511,2019-08-20T04:48:31Z,UAE38,"25.293777,55.297802",1275,143,121
1566276517,2019-08-20T04:48:37Z,UAE38,"25.291691,55.301495",1175,136,121
1566276525,2019-08-20T04:48:45Z,UAE38,"25.289429,55.305634",1125,131,121
1566276533,2019-08-20T04:48:53Z,UAE38,"25.286865,55.310211",1050,131,121
1566276542,2019-08-20T04:49:02Z,UAE38,"25.283684,55.315849",925,129,122
1566276553,2019-08-20T04:49:13Z,UAE38,"25.280519,55.321655",825,132,121
1566276563,2019-08-20T04:49:23Z,UAE38,"25.277115,55.327808",700,132,121
1566276573,2019-08-20T04:49:33Z,UAE38,"25.274002,55.33342",600,131,121
1566276583,2019-08-20T04:49:43Z,UAE38,"25.271118,55.338642",500,131,121
1566276593,2019-08-20T04:49:53Z,UAE38,"25.26795,55.344406",400,133,121
1566276607,2019-08-20T04:50:07Z,UAE38,"25.263062,55.353214",200,130,121
1566276618,2019-08-20T04:50:18Z,UAE38,"25.259989,55.35881",175,130,121
1566276627,2019-08-20T04:50:27Z,UAE38,"25.257557,55.363205",0,90,120
1566276644,2019-08-20T04:50:44Z,UAE38,"25.254765,55.368244",0,46,120
1566276652,2019-08-20T04:50:52Z,UAE38,"25.254158,55.369553",0,26,112
1566276664,2019-08-20T04:51:04Z,UAE38,"25.25388,55.371094",0,19,95
1566276671,2019-08-20T04:51:11Z,UAE38,"25.25386,55.371552",0,33,92
1566276680,2019-08-20T04:51:20Z,UAE38,"25.253918,55.372112",0,23,78
1566276688,2019-08-20T04:51:28Z,UAE38,"25.254158,55.372311",0,21,47
1566276698,2019-08-20T04:51:38Z,UAE38,"25.254507,55.372284",0,19,5
1566276710,2019-08-20T04:51:50Z,UAE38,"25.254728,55.371964",0,18,320
1566276752,2019-08-20T04:52:32Z,UAE38,"25.25576,55.370052",0,33,300
1566276798,2019-08-20T04:53:18Z,UAE38,"25.257835,55.366379",0,22,300
1566276804,2019-08-20T04:53:24Z,UAE38,"25.258198,55.365726",0,23,300
1566276816,2019-08-20T04:53:36Z,UAE38,"25.258883,55.364487",0,24,300
1566276837,2019-08-20T04:53:57Z,UAE38,"25.260109,55.362293",0,24,300
1566276854,2019-08-20T04:54:14Z,UAE38,"25.260807,55.361023",0,33,300
1566276869,2019-08-20T04:54:29Z,UAE38,"25.261374,55.360016",0,16,300
1566276895,2019-08-20T04:54:55Z,UAE38,"25.262596,55.3578",0,21,300
1566276961,2019-08-20T04:56:01Z,UAE38,"25.263353,55.353954",0,30,213
1566276991,2019-08-20T04:56:31Z,UAE38,"25.261583,55.352737",0,18,210
1566277002,2019-08-20T04:56:42Z,UAE38,"25.260862,55.352242",0,24,210
1566277022,2019-08-20T04:57:02Z,UAE38,"25.260235,55.351818",0,21,210
1566277042,2019-08-20T04:57:22Z,UAE38,"25.259954,55.35162",0,2,210
1566277069,2019-08-20T04:57:49Z,UAE38,"25.259674,55.351429",0,16,210
1566277080,2019-08-20T04:58:00Z,UAE38,"25.259274,55.351154",0,29,210
1566277124,2019-08-20T04:58:44Z,UAE38,"25.256527,55.349323",0,30,210
1566277153,2019-08-20T04:59:13Z,UAE38,"25.255287,55.348511",0,20,210
1566277164,2019-08-20T04:59:24Z,UAE38,"25.254787,55.348228",0,27,205
1566277176,2019-08-20T04:59:36Z,UAE38,"25.254158,55.348141",0,28,185
1566277187,2019-08-20T04:59:47Z,UAE38,"25.253635,55.348267",0,27,165
1566277194,2019-08-20T04:59:54Z,UAE38,"25.253227,55.348526",0,30,151
1566277200,2019-08-20T05:00:00Z,UAE38,"25.252991,55.348778",0,32,137
1566277209,2019-08-20T05:00:09Z,UAE38,"25.252636,55.34935",0,32,123
